date,brand_id,pays,produit_market_id,pubs_actives,pubs_total,visites_mensuelles,growth_30d,active_growth_7d,active_growth_30d,spend_30d,revenu_min,revenu_max,source
2026-10-07,magicwipe.com,AT,magicwipe.com_9154769092873,272,1093,33988,33.57,7.51,13.81,8770.81,52624.86,67971.74,BrandSearch get_brands_by_ids
2026-10-07,shiny-wipes.com,DE,shiny-wipes.com_10554361708877,620,1521,25652,43.08,-23.99,65.37,0,111480.72,202380.38,BrandSearch get_brands_by_ids
2026-10-07,miro-france.com,CH,miro-france.com_9505650475331,412,3524,245,100,6.19,36.88,32256.35,129025.4,172033.87,BrandSearch get_brands_by_ids
2026-10-07,cleanersmotors.com,FR,,188,411,38513,-38.52,13.25,34.29,29736.91,118947.64,158596.85,BrandSearch get_brands_by_ids
2026-10-07,siraatskitchen.com,US,siraatskitchen.com_11749291196756,371,5242,204988,-6.19,107.61,67.54,322.62,532477.71,966651.85,BrandSearch get_brands_by_ids
2026-10-07,titanskitchen.com,US,titanskitchen.com_6913853128833,80,592,19350,80.54,6.41,6.41,750.57,46123.04,83731.06,BrandSearch get_brands_by_ids
2026-10-07,titanoxfrance.com,US,titanoxfrance.com_10812362654042,679,1823,278262,53.88,17.5,85.75,47127.53,297170.79,539479.27,BrandSearch get_brands_by_ids
2026-10-07,pillow-haven.com,US,pillow-haven.com_14965119451480,224,1988,45070,-22.59,20.11,12.76,4313.09,80566.59,146259.35,BrandSearch get_brands_by_ids
2026-10-07,soya-paris.com,GB,soya-paris.com_15152158212428,581,4026,237891,-31.17,1.18,5.45,100929.15,605574.9,605574.9,BrandSearch get_brands_by_ids
2026-10-07,somnilys.com,LU,somnilys.com_10689698496858,398,1326,20314,7.74,61.14,77.01,3763.19,14320.26,25996.77,BrandSearch get_brands_by_ids
2026-10-07,nolaninterior.com,US,nolaninterior.com_8459409457393,588,5003,136352,-23.28,-61.13,-45.14,7267.78,432701.29,785519.27,BrandSearch get_brands_by_ids
2026-10-07,heusom.com,US,heusom.com_7196399304791,229,3470,522950,-23.61,-25,-5.62,36748.37,787411.52,1429454.75,BrandSearch get_brands_by_ids
2026-10-07,pfotenmond.de,DE,pfotenmond.de_10210763931979,174,852,115807,10.73,20.59,-17.17,70426.55,281706.2,386369.46,BrandSearch get_brands_by_ids
2026-10-07,activ-pet.com,US,activ-pet.com_15573969830237,463,2037,81781,-33.11,3.12,5.24,6521.75,126096.83,228914.25,BrandSearch get_brands_by_ids
2026-10-07,pottybuddy.co,AU,pottybuddy.co_4824579047469,355,357,30332,-26.76,-0.57,-17.22,,89944.71,163284.24,BrandSearch get_brands_by_ids
2026-10-07,naturalcalm.co.uk,GB,naturalcalm.co.uk_14889640231298,33,1995,9728,83.48,0,10,0,9405,12375,BrandSearch get_brands_by_ids
2026-10-07,kittyspout.com,CA,kittyspout.com_8932735647964,1274,7420,911108,-5.81,36.84,75.48,22954.23,2049170.76,3720033.08,BrandSearch get_brands_by_ids
2026-10-07,trtltravel.com,GB,trtltravel.com_7548442149057,1183,3524,317897,-5.09,-16.29,1.34,37812.89,617337.33,1120704.69,BrandSearch get_brands_by_ids
2026-10-07,uk.trtltravel.com,GB,uk.trtltravel.com_6838472933474,1283,3584,64699,22.85,-4.9,21.46,38974.96,155899.84,207866.45,BrandSearch get_brands_by_ids
2026-10-07,hobibear.com,CN,hobibear.com_8926256136434,922,1205,397851,0.89,6.34,17.01,2152.79,1107352.1,2010269.97,BrandSearch get_brands_by_ids
2026-10-07,peak-footwear.com,US,peak-footwear.com_8303896887482,595,736,810913,145.17,30.63,47.43,27.34,1927830.26,3499753.4,BrandSearch get_brands_by_ids
2026-10-07,shape-curve.com,US,shape-curve.com_7812531191917,1558,1615,241251,92.82,40.11,9.56,,680376.24,1235144.56,BrandSearch get_brands_by_ids
2026-10-07,bellunashop.com,NL,bellunashop.com_15477690138998,717,2894,119057,143.18,19.01,-16.57,81129.14,477787.32,637049.76,BrandSearch get_brands_by_ids
2026-10-07,leonieandco.fr,FR,leonieandco.fr_10080607535437,489,7059,123598,-0.47,-6.26,20,0,121054.2,219759.93,BrandSearch get_brands_by_ids
2026-10-07,luveon.com,US,luveon.com_14852707516747,1834,4747,1031928,37.5,0.17,16.34,355419.49,1706013.55,2132516.94,BrandSearch get_brands_by_ids
2026-10-07,wildpier.com,CA,wildpier.com_5564537536663,1132,1323,38883,37.68,26.62,18.15,,114292.95,207485.67,BrandSearch get_brands_by_ids
2026-10-07,bellutia.com,BG,bellutia.com_15635880083800,904,4660,102953,-11.63,5.77,43.55,15316.24,158780.62,288247.9,BrandSearch get_brands_by_ids
2026-10-07,coziya-outdoor.com,EE,coziya-outdoor.com_7542194897121,260,2926,77159,-68.64,-52.31,-65.9,4997.45,105493.66,191511.57,BrandSearch get_brands_by_ids
2026-10-07,alpensattel.de,DE,alpensattel.de_10704524738824,123,3430,380011,-22.87,108.7,-74.29,126516.12,601952.49,1092775.29,BrandSearch get_brands_by_ids
2026-10-07,muravai.co,US,muravai.co_10050593947922,228,293,62956,40.22,0.44,-1.3,609.37,103878.01,188578.54,BrandSearch get_brands_by_ids
2026-10-07,fitsleeps.com,US,fitsleeps.com_9604404576605,1049,7581,507299,-28.17,-16.88,32.45,0,935803.39,1698843.07,BrandSearch get_brands_by_ids
2026-10-07,comfysleepers.com,US,comfysleepers.com_7736490262605,72,2480,430785,-14.91,-82.64,-96.13,33166.95,732772.08,1330263.17,BrandSearch get_brands_by_ids
2026-10-07,cellsius-shop.com,CH,cellsius-shop.com_6857835839533,409,6530,112914,-15.35,6.3,-2.98,6292.22,157398.63,285739.06,BrandSearch get_brands_by_ids
2026-10-07,inolyo.com,US,inolyo.com_15584599671132,7,654,310120,461.08,-53.33,-97.22,46634.17,350446.75,636195.63,BrandSearch get_brands_by_ids
2026-10-07,getbrick.com,US,getbrick.com_8242555584789,327,4559,5705454,-3.42,13.66,22.27,104480.11,16424617.92,29816998.69,BrandSearch get_brands_by_ids
2026-10-07,sleepybelly.com.au,AU,sleepybelly.com.au_7017886875805,253,545,27107,-23.39,18.37,26.64,278.95,88440.66,160553.82,BrandSearch get_brands_by_ids
2026-10-07,nestishop.com,GB,nestishop.com_15091614777668,1578,3384,62489,-30.37,0.19,38.37,75501.36,302005.44,402673.92,BrandSearch get_brands_by_ids
2026-10-07,tymobeauty.com,US,tymobeauty.com_7875078127731,1155,50001,748874,-3.25,-15.06,-22.08,0,1885960,3423742.78,BrandSearch get_brands_by_ids
